title:人口自然增长率数据,unit:%,,year,北京市,上海市,重庆市,天津市,西安市,成都市,昆明市,长春市,合肥市,郑州市,南京市,苏州市,哈尔滨市,广州市,深圳市,东莞市,长沙市,福州市,武汉市,济南市,青岛市,杭州市,宁波市,大连市,沈阳市
,,,2020,,,,,,,,-4.50,,,,,1.36,8.94,,9.08,,,,,,4.63,0.75,-2.96,-3.34
,,,2019,7.44,-2.3,2.79,2.78,6.79,2.11,6.45,2.15,9.64,6.93,4.09,2.34,0.57,9.59,19.41,11.84,4.51,7.26,6.99,6.19,,6.87,2.13,0.91,0.03
,,,2018,2.66,1.8,3.48,1.25,6.99,3.13,6.96,2.76,12.14,6.98,5.34,2.77,0.4,12.8,21.89,13.28,6.9,9.84,8.09,7.59,,6.2,1.83,0.3,-0.6
,,,2017,3.76,2.8,3.91,2.6,7.2,0.7,6.68,-6.39,9.9,12.56,6.81,4.76,-8.7,15.59,25.18,17.46,-2,5.83,3.91,7.96,,7.4,3.04,-2.2,-2.3
,,,2016,4.12,4,4.53,1.83,6.14,5,6.21,4.35,11.6,6.63,6.51,4.81,2.3,10.35,21.3,8.53,10.63,10.69,6.02,8.34,6.65,6,2.85,2.7,1.1
,,,2015,3.01,2.45,3.86,0.23,4.64,5.4,5.98,2.15,8.1,10.39,4.16,3.05,-0.2,12.02,20.13,6.48,9.65,10.7,6.95,5.09,,4.23,1.84,0.2,-1.6
,,,2014,4.83,3.14,3.62,2.14,4.64,4.66,5.71,,7,5.9,5.2,5,,,17.5,,9.98,13,7.2,11.11,,,,,
,,,2013,,,,,,,,,,,,,,,,,,,,,2.8,,,,
,,,2012,,,,,,,,,,,,,,,,,,,,,1.6,,,,
,,,2011,,,,,,,,,,,,,,,,,,,,,1.34,,,,
,,,2010,,,,,,,,,,,,,,,,,,,,,0.69,,,,
,,,2009,,,,,,,,,,,,,,,,,,,,,1.52,,,,
,,,2008,,,,,,,,,,,,,,,,,,,,,,,,,
,,,2007,,,,,,,,,,,,,,,,,,,,,,,,,
,,,2006,,,,,,,,,,,,,,,,,,,,,,,,,
,,,2005,,,,,,,,,,,,,,,,,,,,,,,,,
,,,2004,,,,,,,,,,,,,,,,,,,,,,,,,
,,,2003,,,,,,,,,,,,,,,,,,,,,,,,,
,,,2002,,,,,,,,,,,,,,,,,,,,,,,,,
,,,2001,,,,,,,,,,,,,,,,,,,,,,,,,
,,,2000,,,,,,,,,,,,,,,,,,,,,,,,,
,,,1999,,,,,,,,,,,,,,,,,,,,,,,,,
,,,1998,,,,,,,,,,,,,,,,,,,,,,,,,
,,,1997,,,,,,,,,,,,,,,,,,,,,,,,,
,,,1996,,,,,,,,,,,,,,,,,,,,,,,,,
,,,1995,,,,,,,,,,,,,,,,,,,,,,,,,
,,,1994,,,,,,,,,,,,,,,,,,,,,,,,,
,,,1993,,,,,,,,,,,,,,,,,,,,,,,,,
,,,1992,,,,,,,,,,,,,,,,,,,,,,,,,
,,,1991,,,,,,,,,,,,,,,,,,,,,,,,,
,,,1990,,,,,,,,,,,,,,,,,,,,,,,,,
,,,1989,,,,,,,,,,,,,,,,,,,,,,,,,
,,,1988,,,,,,,,,,,,,,,,,,,,,,,,,
,,,1987,,,,,,,,,,,,,,,,,,,,,,,,,
,,,1986,,,,,,,,,,,,,,,,,,,,,,,,,
,,,1985,,,,,,,,,,,,,,,,,,,,,,,,,
,,,1984,,,,,,,,,,,,,,,,,,,,,,,,,
,,,1983,,,,,,,,,,,,,,,,,,,,,,,,,
,,,1982,,,,,,,,,,,,,,,,,,,,,,,,,
,,,1981,,,,,,,,,,,,,,,,,,,,,,,,,
,,,1980,,,,,,,,,,,,,,,,,,,,,,,,,
,,,1979,,,,,,,,,,,,,,,,,,,,,,,,,
,,,1978,,,,,,,,,,,,,,,,,,,,,,,,,
,,,1977,,,,,,,,,,,,,,,,,,,,,,,,,
,,,1976,,,,,,,,,,,,,,,,,,,,,,,,,
,,,1975,,,,,,,,,,,,,,,,,,,,,,,,,
,,,1974,,,,,,,,,,,,,,,,,,,,,,,,,
,,,1973,,,,,,,,,,,,,,,,,,,,,,,,,
,,,1972,,,,,,,,,,,,,,,,,,,,,,,,,
,,,1971,,,,,,,,,,,,,,,,,,,,,,,,,
,,,1970,,,,,,,,,,,,,,,,,,,,,,,,,
,,,1969,,,,,,,,,,,,,,,,,,,,,,,,,
,,,1968,,,,,,,,,,,,,,,,,,,,,,,,,
,,,1967,,,,,,,,,,,,,,,,,,,,,,,,,
,,,1966,,,,,,,,,,,,,,,,,,,,,,,,,
,,,1965,,,,,,,,,,,,,,,,,,,,,,,,,
,,,1964,,,,,,,,,,,,,,,,,,,,,,,,,
,,,1963,,,,,,,,,,,,,,,,,,,,,,,,,
,,,1962,,,,,,,,,,,,,,,,,,,,,,,,,
,,,1961,,,,,,,,,,,,,,,,,,,,,,,,,
,,,1960,,,,,,,,,,,,,,,,,,,,,,,,,
,,,1959,,,,,,,,,,,,,,,,,,,,,,,,,
,,,1958,,,,,,,,,,,,,,,,,,,,,,,,,
,,,1957,,,,,,,,,,,,,,,,,,,,,,,,,
,,,1956,,,,,,,,,,,,,,,,,,,,,,,,,
,,,1955,,,,,,,,,,,,,,,,,,,,,,,,,
,,,1954,,,,,,,,,,,,,,,,,,,,,,,,,
,,,1953,,,,,,,,,,,,,,,,,,,,,,,,,
,,,1952,,,,,,,,,,,,,,,,,,,,,,,,,
,,,1951,,,,,,,,,,,,,,,,,,,,,,,,,